countrycode,region,year,gini
ALB,europe,1990,27
ALB,europe,1991,27
ALB,europe,1992,27
ALB,europe,1993,27
ALB,europe,1994,27
ALB,europe,1995,27
ALB,europe,1996,27
ALB,europe,1997,28.1
ALB,europe,1998,28.1
ALB,europe,1999,28.1
ALB,europe,2000,28.1
ALB,europe,2001,28.1
ALB,europe,2002,31.7
ALB,europe,2003,31.15
ALB,europe,2004,31.15
ALB,europe,2005,30.6
ALB,europe,2006,30.3
ALB,europe,2007,30.3
ALB,europe,2008,30
ALB,europe,2009,29.5
ALB,europe,2010,29.5
ALB,europe,2011,29.5
ALB,europe,2012,29
ALB,europe,2013,29
ALB,europe,2014,29
ALB,europe,2015,29
ARG,america,1990,29
ARG,america,1991,46.8
ARG,america,1992,45.5
ARG,america,1993,44.9
ARG,america,1994,45.9
ARG,america,1995,48.9
ARG,america,1996,49.5
ARG,america,1997,49.1
ARG,america,1998,50.7
ARG,america,1999,49.8
ARG,america,2000,51.1
ARG,america,2001,53.3
ARG,america,2002,53.8
ARG,america,2003,53.5
ARG,america,2004,50.2
ARG,america,2005,49.3
ARG,america,2006,48.3
ARG,america,2007,47.4
ARG,america,2008,46.3
ARG,america,2009,45.3
ARG,america,2010,44.5
ARG,america,2011,43.6
ARG,america,2012,42.5
ARG,america,2013,42.3
ARG,america,2014,42.7
ARG,america,2015,42.7
ARM,europe,1990,36.2
ARM,europe,1991,36.2
ARM,europe,1992,36.2
ARM,europe,1993,36.2
ARM,europe,1994,36.2
ARM,europe,1995,36.2
ARM,europe,1996,36.2
ARM,europe,1997,36.2
ARM,europe,1998,36.2
ARM,europe,1999,36.2
ARM,europe,2000,35.8
ARM,europe,2001,35.4
ARM,europe,2002,34.8
ARM,europe,2003,33
ARM,europe,2004,37.5
ARM,europe,2005,36
ARM,europe,2006,32.5
ARM,europe,2007,29.8
ARM,europe,2008,30.7
ARM,europe,2009,29.6
ARM,europe,2010,31.1
ARM,europe,2011,31.3
ARM,europe,2012,30.5
ARM,europe,2013,31.5
ARM,europe,2014,31.5
ARM,europe,2015,32.4
AUS,asia_pacific,1990,32.6
AUS,asia_pacific,1991,32.6
AUS,asia_pacific,1992,32.6
AUS,asia_pacific,1993,32.6
AUS,asia_pacific,1994,32.6
AUS,asia_pacific,1995,32.6
AUS,asia_pacific,1996,34.05
AUS,asia_pacific,1997,34.05
AUS,asia_pacific,1998,34.05
AUS,asia_pacific,1999,34.05
AUS,asia_pacific,2000,34.05
AUS,asia_pacific,2001,33.5
AUS,asia_pacific,2002,33.5
AUS,asia_pacific,2003,33.5
AUS,asia_pacific,2004,35.45
AUS,asia_pacific,2005,35.45
AUS,asia_pacific,2006,35.45
AUS,asia_pacific,2007,35.45
AUS,asia_pacific,2008,35.4
AUS,asia_pacific,2009,35.05
AUS,asia_pacific,2010,34.7
AUS,asia_pacific,2011,34.7
AUS,asia_pacific,2012,34.7
AUS,asia_pacific,2013,34.7
AUS,asia_pacific,2014,34.7
AUS,asia_pacific,2015,34.7
AUT,europe,1990,29.8
AUT,europe,1991,29.8
AUT,europe,1992,29.8
AUT,europe,1993,29.8
AUT,europe,1994,29.8
AUT,europe,1995,29.8
AUT,europe,1996,29.8
AUT,europe,1997,29.8
AUT,europe,1998,29.8
AUT,europe,1999,29.8
AUT,europe,2000,29.8
AUT,europe,2001,29.8
AUT,europe,2002,29.8
AUT,europe,2003,29.8
AUT,europe,2004,29.8
AUT,europe,2005,28.7
AUT,europe,2006,29.6
AUT,europe,2007,30.6
AUT,europe,2008,30.4
AUT,europe,2009,31.5
AUT,europe,2010,30.3
AUT,europe,2011,30.8
AUT,europe,2012,31.1
AUT,europe,2013,30.9
AUT,europe,2014,30.5
AUT,europe,2015,34.7
AZE,asia_pacific,1990,34.7
AZE,asia_pacific,1991,34.7
AZE,asia_pacific,1992,34.7
AZE,asia_pacific,1993,34.7
AZE,asia_pacific,1994,34.7
AZE,asia_pacific,1995,34.7
AZE,asia_pacific,1996,35.6
AZE,asia_pacific,1997,35.6
AZE,asia_pacific,1998,35.6
AZE,asia_pacific,1999,35.6
AZE,asia_pacific,2000,35.6
AZE,asia_pacific,2001,36.5
AZE,asia_pacific,2002,17.4
AZE,asia_pacific,2003,18.8
AZE,asia_pacific,2004,16.2
AZE,asia_pacific,2005,16.6
AZE,asia_pacific,2006,24.2
AZE,asia_pacific,2007,24.2
AZE,asia_pacific,2008,31.8
AZE,asia_pacific,2009,31.8
AZE,asia_pacific,2010,31.8
AZE,asia_pacific,2011,31.8
AZE,asia_pacific,2012,31.8
AZE,asia_pacific,2013,31.8
AZE,asia_pacific,2014,31.8
AZE,asia_pacific,2015,31.8
BDI,sub_africa,1990,33.3
BDI,sub_africa,1991,33.3
BDI,sub_africa,1992,33.3
BDI,sub_africa,1993,37.8
BDI,sub_africa,1994,37.8
BDI,sub_africa,1995,37.8
BDI,sub_africa,1996,37.8
BDI,sub_africa,1997,37.8
BDI,sub_africa,1998,42.3
BDI,sub_africa,1999,37.85
BDI,sub_africa,2000,37.85
BDI,sub_africa,2001,37.85
BDI,sub_africa,2002,37.85
BDI,sub_africa,2003,37.85
BDI,sub_africa,2004,37.85
BDI,sub_africa,2005,37.85
BDI,sub_africa,2006,33.4
BDI,sub_africa,2007,36.3
BDI,sub_africa,2008,36.3
BDI,sub_africa,2009,36.3
BDI,sub_africa,2010,36.3
BDI,sub_africa,2011,36.3
BDI,sub_africa,2012,36.3
BDI,sub_africa,2013,39.2
BDI,sub_africa,2014,39.2
BDI,sub_africa,2015,39.2
BEL,europe,1990,30.5
BEL,europe,1991,30.5
BEL,europe,1992,30.5
BEL,europe,1993,30.5
BEL,europe,1994,30.5
BEL,europe,1995,30.5
BEL,europe,1996,30.5
BEL,europe,1997,30.5
BEL,europe,1998,30.5
BEL,europe,1999,30.5
BEL,europe,2000,30.5
BEL,europe,2001,30.5
BEL,europe,2002,30.5
BEL,europe,2003,30.5
BEL,europe,2004,30.5
BEL,europe,2005,29.3
BEL,europe,2006,28
BEL,europe,2007,29.2
BEL,europe,2008,28.4
BEL,europe,2009,28.5
BEL,europe,2010,28.4
BEL,europe,2011,28.1
BEL,europe,2012,27.5
BEL,europe,2013,27.7
BEL,europe,2014,28.1
BEL,europe,2015,28.1
BFA,sub_africa,1990,48.1
BFA,sub_africa,1991,48.1
BFA,sub_africa,1992,48.1
BFA,sub_africa,1993,48.1
BFA,sub_africa,1994,48.1
BFA,sub_africa,1995,49
BFA,sub_africa,1996,49
BFA,sub_africa,1997,49
BFA,sub_africa,1998,49.9
BFA,sub_africa,1999,46.6
BFA,sub_africa,2000,46.6
BFA,sub_africa,2001,46.6
BFA,sub_africa,2002,46.6
BFA,sub_africa,2003,43.3
BFA,sub_africa,2004,41.55
BFA,sub_africa,2005,41.55
BFA,sub_africa,2006,41.55
BFA,sub_africa,2007,41.55
BFA,sub_africa,2008,41.55
BFA,sub_africa,2009,39.8
BFA,sub_africa,2010,37.55
BFA,sub_africa,2011,37.55
BFA,sub_africa,2012,37.55
BFA,sub_africa,2013,37.55
BFA,sub_africa,2014,35.3
BFA,sub_africa,2015,35.3
BGD,asia_pacific,1990,27.6
BGD,asia_pacific,1991,27.6
BGD,asia_pacific,1992,30.25
BGD,asia_pacific,1993,30.25
BGD,asia_pacific,1994,30.25
BGD,asia_pacific,1995,32.9
BGD,asia_pacific,1996,33.15
BGD,asia_pacific,1997,33.15
BGD,asia_pacific,1998,33.15
BGD,asia_pacific,1999,33.15
BGD,asia_pacific,2000,33.4
BGD,asia_pacific,2001,33.3
BGD,asia_pacific,2002,33.3
BGD,asia_pacific,2003,33.3
BGD,asia_pacific,2004,33.3
BGD,asia_pacific,2005,33.2
BGD,asia_pacific,2006,33.15
BGD,asia_pacific,2007,33.15
BGD,asia_pacific,2008,33.15
BGD,asia_pacific,2009,33.15
BGD,asia_pacific,2010,32.1
BGD,asia_pacific,2011,32.1
BGD,asia_pacific,2012,32.1
BGD,asia_pacific,2013,32.1
BGD,asia_pacific,2014,32.1
BGD,asia_pacific,2015,32.1
BGR,europe,1990,30.7
BGR,europe,1991,30.7
BGR,europe,1992,30.7
BGR,europe,1993,33.2
BGR,europe,1994,33.2
BGR,europe,1995,33.2
BGR,europe,1996,33.2
BGR,europe,1997,33.2
BGR,europe,1998,33.2
BGR,europe,1999,33.2
BGR,europe,2000,33.2
BGR,europe,2001,33.2
BGR,europe,2002,33.2
BGR,europe,2003,33.2
BGR,europe,2004,33.2
BGR,europe,2005,33.2
BGR,europe,2006,35.7
BGR,europe,2007,36.1
BGR,europe,2008,33.6
BGR,europe,2009,33.8
BGR,europe,2010,35.7
BGR,europe,2011,34.3
BGR,europe,2012,36
BGR,europe,2013,36.6
BGR,europe,2014,37.4
BGR,europe,2015,37.4
BLR,europe,1990,32.3
BLR,europe,1991,32.3
BLR,europe,1992,32.3
BLR,europe,1993,32.3
BLR,europe,1994,32.3
BLR,europe,1995,32.3
BLR,europe,1996,32.3
BLR,europe,1997,32.3
BLR,europe,1998,32.3
BLR,europe,1999,32
BLR,europe,2000,31.2
BLR,europe,2001,30.6
BLR,europe,2002,30.3
BLR,europe,2003,28.8
BLR,europe,2004,26.5
BLR,europe,2005,27.5
BLR,europe,2006,28.3
BLR,europe,2007,29.6
BLR,europe,2008,27.8
BLR,europe,2009,27.7
BLR,europe,2010,28.6
BLR,europe,2011,27.1
BLR,europe,2012,26.5
BLR,europe,2013,26.6
BLR,europe,2014,27.2
BLR,europe,2015,26.7
BLZ,america,1990,60.3
BLZ,america,1991,60.3
BLZ,america,1992,60.3
BLZ,america,1993,60.3
BLZ,america,1994,60.9
BLZ,america,1995,58.75
BLZ,america,1996,56.6
BLZ,america,1997,60.4
BLZ,america,1998,54.9
BLZ,america,1999,53.3
BLZ,america,2000,53.3
BLZ,america,2001,53.3
BLZ,america,2002,53.3
BLZ,america,2003,53.3
BLZ,america,2004,53.3
BLZ,america,2005,53.3
BLZ,america,2006,53.3
BLZ,america,2007,53.3
BLZ,america,2008,53.3
BLZ,america,2009,53.3
BLZ,america,2010,53.3
BLZ,america,2011,53.3
BLZ,america,2012,53.3
BLZ,america,2013,53.3
BLZ,america,2014,53.3
BLZ,america,2015,53.3
BOL,america,1990,42
BOL,america,1991,50.1
BOL,america,1992,50.1
BOL,america,1993,50.1
BOL,america,1994,50.1
BOL,america,1995,50.1
BOL,america,1996,50.1
BOL,america,1997,58.2
BOL,america,1998,58.15
BOL,america,1999,58.1
BOL,america,2000,63
BOL,america,2001,58.9
BOL,america,2002,60.2
BOL,america,2003,57.6
BOL,america,2004,55
BOL,america,2005,58.5
BOL,america,2006,56.9
BOL,america,2007,55.4
BOL,america,2008,51.4
BOL,america,2009,49.7
BOL,america,2010,48
BOL,america,2011,46.3
BOL,america,2012,46.7
BOL,america,2013,48.1
BOL,america,2014,48.4
BOL,america,2015,45.8
BRA,america,1990,60.5
BRA,america,1991,56.85
BRA,america,1992,53.2
BRA,america,1993,60.1
BRA,america,1994,59.85
BRA,america,1995,59.6
BRA,america,1996,59.9
BRA,america,1997,59.8
BRA,america,1998,59.6
BRA,america,1999,59
BRA,america,2000,59.15
BRA,america,2001,59.3
BRA,america,2002,58.6
BRA,america,2003,58
BRA,america,2004,56.9
BRA,america,2005,56.6
BRA,america,2006,55.9
BRA,america,2007,55.2
BRA,america,2008,54.4
BRA,america,2009,53.9
BRA,america,2010,53.5
BRA,america,2011,53.1
BRA,america,2012,52.7
BRA,america,2013,52.9
BRA,america,2014,51.5
BRA,america,2015,51.3
CAN,america,1990,31
CAN,america,1991,31
CAN,america,1992,31.15
CAN,america,1993,31.15
CAN,america,1994,31.3
CAN,america,1995,31.45
CAN,america,1996,31.45
CAN,america,1997,31.6
CAN,america,1998,33.2
CAN,america,1999,32.25
CAN,america,2000,33.3
CAN,america,2001,33.5
CAN,america,2002,33.5
CAN,america,2003,33.5
CAN,america,2004,33.7
CAN,america,2005,33.75
CAN,america,2006,33.75
CAN,america,2007,33.8
CAN,america,2008,33.7
CAN,america,2009,33.7
CAN,america,2010,33.6
CAN,america,2011,33.8
CAN,america,2012,33.8
CAN,america,2013,34
CAN,america,2014,34
CAN,america,2015,34
CHE,europe,1990,34.3
CHE,europe,1991,34.3
CHE,europe,1992,34.3
CHE,europe,1993,34.3
CHE,europe,1994,34.3
CHE,europe,1995,34.3
CHE,europe,1996,34.3
CHE,europe,1997,34.3
CHE,europe,1998,34.3
CHE,europe,1999,34.3
CHE,europe,2000,34.3
CHE,europe,2001,34.3
CHE,europe,2002,34.3
CHE,europe,2003,34.3
CHE,europe,2004,34.3
CHE,europe,2005,34.3
CHE,europe,2006,34.3
CHE,europe,2007,34.3
CHE,europe,2008,33.8
CHE,europe,2009,32.9
CHE,europe,2010,32.5
CHE,europe,2011,31.7
CHE,europe,2012,31.6
CHE,europe,2013,32.5
CHE,europe,2014,32.5
CHE,europe,2015,32.5
CHL,america,1990,57.3
CHL,america,1991,56.05
CHL,america,1992,54.8
CHL,america,1993,55.6
CHL,america,1994,56.4
CHL,america,1995,55.65
CHL,america,1996,54.9
CHL,america,1997,55.2
CHL,america,1998,55.5
CHL,america,1999,54.15
CHL,america,2000,52.8
CHL,america,2001,52.15
CHL,america,2002,52.15
CHL,america,2003,51.5
CHL,america,2004,49.85
CHL,america,2005,49.85
CHL,america,2006,48.2
CHL,america,2007,48.6
CHL,america,2008,48.6
CHL,america,2009,49
CHL,america,2010,48.3
CHL,america,2011,47.6
CHL,america,2012,47.45
CHL,america,2013,47.3
CHL,america,2014,47.5
CHL,america,2015,47.7
CIV,sub_africa,1990,NA
CIV,sub_africa,1991,NA
CIV,sub_africa,1992,39.4
CIV,sub_africa,1993,NA
CIV,sub_africa,1994,NA
CIV,sub_africa,1995,40.6
CIV,sub_africa,1996,NA
CIV,sub_africa,1997,NA
CIV,sub_africa,1998,39
CIV,sub_africa,1999,NA
CIV,sub_africa,2000,NA
CIV,sub_africa,2001,NA
CIV,sub_africa,2002,41.3
CIV,sub_africa,2003,NA
CIV,sub_africa,2004,NA
CIV,sub_africa,2005,NA
CIV,sub_africa,2006,NA
CIV,sub_africa,2007,NA
CIV,sub_africa,2008,43.2
CIV,sub_africa,2009,NA
CIV,sub_africa,2010,NA
CIV,sub_africa,2011,NA
CIV,sub_africa,2012,NA
CIV,sub_africa,2013,NA
CIV,sub_africa,2014,NA
CIV,sub_africa,2015,41.7
COL,america,1990,NA
COL,america,1991,NA
COL,america,1992,51.5
COL,america,1993,NA
COL,america,1994,NA
COL,america,1995,NA
COL,america,1996,56.9
COL,america,1997,NA
COL,america,1998,NA
COL,america,1999,58.7
COL,america,2000,58.7
COL,america,2001,57.8
COL,america,2002,58.3
COL,america,2003,54.4
COL,america,2004,56.1
COL,america,2005,55
COL,america,2006,NA
COL,america,2007,NA
COL,america,2008,56
COL,america,2009,55.9
COL,america,2010,55.5
COL,america,2011,54.2
COL,america,2012,53.5
COL,america,2013,53.5
COL,america,2014,53.5
COL,america,2015,51.1
CRI,america,1990,45.3
CRI,america,1991,46.7
CRI,america,1992,45.7
CRI,america,1993,46
CRI,america,1994,46.8
CRI,america,1995,45.7
CRI,america,1996,46.5
CRI,america,1997,45.6
CRI,america,1998,45.7
CRI,america,1999,47.7
CRI,america,2000,47.4
CRI,america,2001,51.1
CRI,america,2002,50.9
CRI,america,2003,49.9
CRI,america,2004,48.9
CRI,america,2005,47.8
CRI,america,2006,49.3
CRI,america,2007,49.5
CRI,america,2008,49.1
CRI,america,2009,51
CRI,america,2010,48.1
CRI,america,2011,48.6
CRI,america,2012,48.6
CRI,america,2013,49.2
CRI,america,2014,48.5
CRI,america,2015,48.2
CYP,europe,1990,30.1
CYP,europe,1991,30.1
CYP,europe,1992,30.1
CYP,europe,1993,30.1
CYP,europe,1994,30.1
CYP,europe,1995,30.1
CYP,europe,1996,30.1
CYP,europe,1997,30.1
CYP,europe,1998,30.1
CYP,europe,1999,30.1
CYP,europe,2000,30.1
CYP,europe,2001,30.1
CYP,europe,2002,30.1
CYP,europe,2003,30.1
CYP,europe,2004,30.1
CYP,europe,2005,30.3
CYP,europe,2006,31.1
CYP,europe,2007,31.1
CYP,europe,2008,31.7
CYP,europe,2009,32.1
CYP,europe,2010,31.5
CYP,europe,2011,32.6
CYP,europe,2012,34.3
CYP,europe,2013,37
CYP,europe,2014,35.6
CYP,europe,2015,35.6
CZE,europe,1990,26.6
CZE,europe,1991,26.6
CZE,europe,1992,26.6
CZE,europe,1993,26.6
CZE,europe,1994,26.7
CZE,europe,1995,26.7
CZE,europe,1996,25.8
CZE,europe,1997,26.65
CZE,europe,1998,26.65
CZE,europe,1999,26.65
CZE,europe,2000,26.65
CZE,europe,2001,26.65
CZE,europe,2002,26.65
CZE,europe,2003,26.65
CZE,europe,2004,27.5
CZE,europe,2005,27
CZE,europe,2006,26.7
CZE,europe,2007,26
CZE,europe,2008,26.3
CZE,europe,2009,26.2
CZE,europe,2010,26.6
CZE,europe,2011,26.4
CZE,europe,2012,26.1
CZE,europe,2013,26.5
CZE,europe,2014,25.9
CZE,europe,2015,31.8
DEU,europe,1990,31.8
DEU,europe,1991,31.8
DEU,europe,1992,31.8
DEU,europe,1993,31.8
DEU,europe,1994,31.8
DEU,europe,1995,31.8
DEU,europe,1996,31.8
DEU,europe,1997,31.8
DEU,europe,1998,31.8
DEU,europe,1999,31.8
DEU,europe,2000,31.8
DEU,europe,2001,31.8
DEU,europe,2002,31.8
DEU,europe,2003,31.8
DEU,europe,2004,31.8
DEU,europe,2005,31.8
DEU,europe,2006,31.8
DEU,europe,2007,31.9
DEU,europe,2008,31.1
DEU,europe,2009,31.2
DEU,europe,2010,30.7
DEU,europe,2011,30
DEU,europe,2012,30.7
DEU,europe,2013,31.4
DEU,europe,2014,31.4
DEU,europe,2015,31.4
DNK,europe,1990,24.9
DNK,europe,1991,24.9
DNK,europe,1992,24.9
DNK,europe,1993,24.9
DNK,europe,1994,24.9
DNK,europe,1995,24.9
DNK,europe,1996,24.9
DNK,europe,1997,24.9
DNK,europe,1998,24.9
DNK,europe,1999,24.9
DNK,europe,2000,24.9
DNK,europe,2001,24.9
DNK,europe,2002,24.9
DNK,europe,2003,24.9
DNK,europe,2004,24.9
DNK,europe,2005,25.2
DNK,europe,2006,25.9
DNK,europe,2007,26.2
DNK,europe,2008,25.3
DNK,europe,2009,26.7
DNK,europe,2010,27.3
DNK,europe,2011,27.5
DNK,europe,2012,27.8
DNK,europe,2013,28.5
DNK,europe,2014,28.5
DNK,europe,2015,28.5
DOM,america,1990,51.4
DOM,america,1991,51.4
DOM,america,1992,51.4
DOM,america,1993,49.4
DOM,america,1994,49.4
DOM,america,1995,49.4
DOM,america,1996,47.4
DOM,america,1997,48.9
DOM,america,1998,50.45
DOM,america,1999,50.45
DOM,america,2000,52
DOM,america,2001,50.4
DOM,america,2002,50.1
DOM,america,2003,52.1
DOM,america,2004,52
DOM,america,2005,50
DOM,america,2006,51.9
DOM,america,2007,48.7
DOM,america,2008,49
DOM,america,2009,48.9
DOM,america,2010,47.2
DOM,america,2011,47.4
DOM,america,2012,45.7
DOM,america,2013,47.1
DOM,america,2014,44.5
DOM,america,2015,44.9
ECU,america,1990,53.4
ECU,america,1991,53.4
ECU,america,1992,53.4
ECU,america,1993,53.4
ECU,america,1994,53.4
ECU,america,1995,51.55
ECU,america,1996,51.55
ECU,america,1997,51.55
ECU,america,1998,49.7
ECU,america,1999,58.6
ECU,america,2000,56.4
ECU,america,2001,55.7
ECU,america,2002,55.7
ECU,america,2003,55
ECU,america,2004,54.1
ECU,america,2005,54.1
ECU,america,2006,53.2
ECU,america,2007,54.3
ECU,america,2008,50.6
ECU,america,2009,49.3
ECU,america,2010,49.3
ECU,america,2011,46.2
ECU,america,2012,46.6
ECU,america,2013,47.3
ECU,america,2014,45.4
ECU,america,2015,46.5
EGY,middle_east,1990,32
EGY,middle_east,1991,31.05
EGY,middle_east,1992,31.05
EGY,middle_east,1993,31.05
EGY,middle_east,1994,31.05
EGY,middle_east,1995,30.1
EGY,middle_east,1996,31.45
EGY,middle_east,1997,31.45
EGY,middle_east,1998,31.45
EGY,middle_east,1999,32.8
EGY,middle_east,2000,32.35
EGY,middle_east,2001,32.35
EGY,middle_east,2002,32.35
EGY,middle_east,2003,32.35
EGY,middle_east,2004,31.9
EGY,middle_east,2005,31.5
EGY,middle_east,2006,31.5
EGY,middle_east,2007,31.5
EGY,middle_east,2008,31.1
EGY,middle_east,2009,31.3
EGY,middle_east,2010,31.5
EGY,middle_east,2011,30.65
EGY,middle_east,2012,29.8
EGY,middle_east,2013,30.8
EGY,middle_east,2014,30.8
EGY,middle_east,2015,31.8
ESP,europe,1990,33.3
ESP,europe,1991,33.3
ESP,europe,1992,33.3
ESP,europe,1993,33.3
ESP,europe,1994,33.3
ESP,europe,1995,33.3
ESP,europe,1996,33.3
ESP,europe,1997,33.3
ESP,europe,1998,33.3
ESP,europe,1999,33.3
ESP,europe,2000,33.3
ESP,europe,2001,33.3
ESP,europe,2002,33.3
ESP,europe,2003,33.3
ESP,europe,2004,33.3
ESP,europe,2005,32.4
ESP,europe,2006,32.5
ESP,europe,2007,33.1
ESP,europe,2008,34.2
ESP,europe,2009,34.9
ESP,europe,2010,35.3
ESP,europe,2011,35.7
ESP,europe,2012,35.4
ESP,europe,2013,36.2
ESP,europe,2014,36
ESP,europe,2015,36
EST,europe,1990,39.5
EST,europe,1991,39.5
EST,europe,1992,39.5
EST,europe,1993,39.5
EST,europe,1994,38.35
EST,europe,1995,38.35
EST,europe,1996,38.35
EST,europe,1997,38.35
EST,europe,1998,38.35
EST,europe,1999,38.35
EST,europe,2000,38.35
EST,europe,2001,38.35
EST,europe,2002,38.35
EST,europe,2003,37.2
EST,europe,2004,33.6
EST,europe,2005,33.5
EST,europe,2006,33.7
EST,europe,2007,31.2
EST,europe,2008,31.9
EST,europe,2009,31.4
EST,europe,2010,32
EST,europe,2011,32.5
EST,europe,2012,32.9
EST,europe,2013,35.1
EST,europe,2014,34.6
EST,europe,2015,34.6
FIN,europe,1990,27.9
FIN,europe,1991,27.9
FIN,europe,1992,27.9
FIN,europe,1993,27.9
FIN,europe,1994,27.9
FIN,europe,1995,27.9
FIN,europe,1996,27.9
FIN,europe,1997,27.9
FIN,europe,1998,27.9
FIN,europe,1999,27.9
FIN,europe,2000,27.9
FIN,europe,2001,27.9
FIN,europe,2002,27.9
FIN,europe,2003,27.9
FIN,europe,2004,27.9
FIN,europe,2005,27.6
FIN,europe,2006,28
FIN,europe,2007,28.3
FIN,europe,2008,27.8
FIN,europe,2009,27.5
FIN,europe,2010,27.7
FIN,europe,2011,27.6
FIN,europe,2012,27.1
FIN,europe,2013,27.2
FIN,europe,2014,26.8
FIN,europe,2015,26.8
FRA,europe,1990,30.6
FRA,europe,1991,30.6
FRA,europe,1992,30.6
FRA,europe,1993,30.6
FRA,europe,1994,30.6
FRA,europe,1995,30.6
FRA,europe,1996,30.6
FRA,europe,1997,30.6
FRA,europe,1998,30.6
FRA,europe,1999,30.6
FRA,europe,2000,30.6
FRA,europe,2001,30.6
FRA,europe,2002,30.6
FRA,europe,2003,30.6
FRA,europe,2004,30.6
FRA,europe,2005,29.8
FRA,europe,2006,29.7
FRA,europe,2007,32.4
FRA,europe,2008,33
FRA,europe,2009,33.35
FRA,europe,2010,33.7
FRA,europe,2011,33.3
FRA,europe,2012,33
FRA,europe,2013,32.5
FRA,europe,2014,32.3
FRA,europe,2015,32.3
GBR,europe,1990,36
GBR,europe,1991,36
GBR,europe,1992,36
GBR,europe,1993,36
GBR,europe,1994,36
GBR,europe,1995,36
GBR,europe,1996,36
GBR,europe,1997,36
GBR,europe,1998,36
GBR,europe,1999,36
GBR,europe,2000,36
GBR,europe,2001,36
GBR,europe,2002,36
GBR,europe,2003,36
GBR,europe,2004,36
GBR,europe,2005,34.3
GBR,europe,2006,34.6
GBR,europe,2007,35.7
GBR,europe,2008,34.1
GBR,europe,2009,34.3
GBR,europe,2010,34.4
GBR,europe,2011,33.2
GBR,europe,2012,32.3
GBR,europe,2013,33.2
GBR,europe,2014,34.1
GBR,europe,2015,34.1
GEO,europe,1990,37.1
GEO,europe,1991,37.1
GEO,europe,1992,37.1
GEO,europe,1993,37.1
GEO,europe,1994,37.1
GEO,europe,1995,37.1
GEO,europe,1996,37.1
GEO,europe,1997,42
GEO,europe,1998,41.3
GEO,europe,1999,40.2
GEO,europe,2000,40.5
GEO,europe,2001,39.6
GEO,europe,2002,39.6
GEO,europe,2003,39.5
GEO,europe,2004,39.8
GEO,europe,2005,40.3
GEO,europe,2006,39.7
GEO,europe,2007,40.6
GEO,europe,2008,40.6
GEO,europe,2009,41.7
GEO,europe,2010,42.1
GEO,europe,2011,41.6
GEO,europe,2012,41.3
GEO,europe,2013,40
GEO,europe,2014,40.1
GEO,europe,2015,38.5
GHA,sub_africa,1990,38.4
GHA,sub_africa,1991,38.4
GHA,sub_africa,1992,39.25
GHA,sub_africa,1993,39.25
GHA,sub_africa,1994,39.25
GHA,sub_africa,1995,39.25
GHA,sub_africa,1996,39.25
GHA,sub_africa,1997,39.25
GHA,sub_africa,1998,40.1
GHA,sub_africa,1999,41.45
GHA,sub_africa,2000,41.45
GHA,sub_africa,2001,41.45
GHA,sub_africa,2002,41.45
GHA,sub_africa,2003,41.45
GHA,sub_africa,2004,41.45
GHA,sub_africa,2005,42.8
GHA,sub_africa,2006,42.5
GHA,sub_africa,2007,42.5
GHA,sub_africa,2008,42.5
GHA,sub_africa,2009,42.5
GHA,sub_africa,2010,42.5
GHA,sub_africa,2011,42.5
GHA,sub_africa,2012,42.2
GHA,sub_africa,2013,42.2
GHA,sub_africa,2014,42.2
GHA,sub_africa,2015,42.2
GIN,sub_africa,1990,46.8
GIN,sub_africa,1991,46.8
GIN,sub_africa,1992,46.45
GIN,sub_africa,1993,46.275
GIN,sub_africa,1994,46.1
GIN,sub_africa,1995,44.55
GIN,sub_africa,1996,44.55
GIN,sub_africa,1997,44.55
GIN,sub_africa,1998,44.55
GIN,sub_africa,1999,44.55
GIN,sub_africa,2000,44.55
GIN,sub_africa,2001,44.55
GIN,sub_africa,2002,43
GIN,sub_africa,2003,41.2
GIN,sub_africa,2004,41.2
GIN,sub_africa,2005,41.2
GIN,sub_africa,2006,41.2
GIN,sub_africa,2007,39.4
GIN,sub_africa,2008,36.55
GIN,sub_africa,2009,36.55
GIN,sub_africa,2010,36.55
GIN,sub_africa,2011,36.55
GIN,sub_africa,2012,33.7
GIN,sub_africa,2013,33.7
GIN,sub_africa,2014,33.7
GIN,sub_africa,2015,33.7
GRC,europe,1990,33.6
GRC,europe,1991,33.6
GRC,europe,1992,33.6
GRC,europe,1993,33.6
GRC,europe,1994,33.6
GRC,europe,1995,33.6
GRC,europe,1996,33.6
GRC,europe,1997,33.6
GRC,europe,1998,33.6
GRC,europe,1999,33.6
GRC,europe,2000,33.6
GRC,europe,2001,33.6
GRC,europe,2002,33.6
GRC,europe,2003,33.6
GRC,europe,2004,33.6
GRC,europe,2005,34.6
GRC,europe,2006,35.1
GRC,europe,2007,34
GRC,europe,2008,33.6
GRC,europe,2009,33.6
GRC,europe,2010,34.1
GRC,europe,2011,34.8
GRC,europe,2012,36.3
GRC,europe,2013,36.1
GRC,europe,2014,35.8
GRC,europe,2015,35.8
GTM,america,1990,54.8
GTM,america,1991,54.8
GTM,america,1992,54.8
GTM,america,1993,54.8
GTM,america,1994,54.8
GTM,america,1995,54.8
GTM,america,1996,54.8
GTM,america,1997,54.8
GTM,america,1998,54.8
GTM,america,1999,54.8
GTM,america,2000,54.8
GTM,america,2001,54.85
GTM,america,2002,54.85
GTM,america,2003,54.85
GTM,america,2004,54.85
GTM,america,2005,54.85
GTM,america,2006,54.9
GTM,america,2007,53.6
GTM,america,2008,53.6
GTM,america,2009,53.6
GTM,america,2010,53.6
GTM,america,2011,52.3
GTM,america,2012,50.5
GTM,america,2013,50.5
GTM,america,2014,48.7
GTM,america,2015,48.7
HND,america,1990,57.4
HND,america,1991,51.8
HND,america,1992,51.8
HND,america,1993,53.5
HND,america,1994,55
HND,america,1995,55.5
HND,america,1996,55.7
HND,america,1997,52.7
HND,america,1998,57.4
HND,america,1999,55.3
HND,america,2000,54.7
HND,america,2001,54.1
HND,america,2002,58.8
HND,america,2003,58.7
HND,america,2004,58.4
HND,america,2005,59.5
HND,america,2006,57.4
HND,america,2007,56.2
HND,america,2008,55.7
HND,america,2009,51.6
HND,america,2010,53.4
HND,america,2011,57.4
HND,america,2012,57.4
HND,america,2013,53.7
HND,america,2014,51
HND,america,2015,50.1
HRV,europe,1990,32.6
HRV,europe,1991,32.6
HRV,europe,1992,32.6
HRV,europe,1993,32.6
HRV,europe,1994,32.6
HRV,europe,1995,32.6
HRV,europe,1996,32.6
HRV,europe,1997,32.6
HRV,europe,1998,32.6
HRV,europe,1999,32.6
HRV,europe,2000,32.6
HRV,europe,2001,32.6
HRV,europe,2002,32.6
HRV,europe,2003,32.6
HRV,europe,2004,32.6
HRV,europe,2005,32.6
HRV,europe,2006,32.6
HRV,europe,2007,32.6
HRV,europe,2008,32.6
HRV,europe,2009,32.6
HRV,europe,2010,32.4
HRV,europe,2011,32.3
HRV,europe,2012,32.5
HRV,europe,2013,32
HRV,europe,2014,32.2
HRV,europe,2015,27.9
HUN,europe,1990,27.9
HUN,europe,1991,27.9
HUN,europe,1992,27.9
HUN,europe,1993,27.9
HUN,europe,1994,28.9
HUN,europe,1995,28.9
HUN,europe,1996,28.9
HUN,europe,1997,28.9
HUN,europe,1998,28.9
HUN,europe,1999,28.9
HUN,europe,2000,28.9
HUN,europe,2001,28.9
HUN,europe,2002,28.9
HUN,europe,2003,28.9
HUN,europe,2004,29.9
HUN,europe,2005,34.7
HUN,europe,2006,28.3
HUN,europe,2007,27.9
HUN,europe,2008,27.5
HUN,europe,2009,27
HUN,europe,2010,29.4
HUN,europe,2011,28.9
HUN,europe,2012,30.5
HUN,europe,2013,31.5
HUN,europe,2014,30.9
HUN,europe,2015,32.25
IRL,europe,1990,32.25
IRL,europe,1991,32.25
IRL,europe,1992,32.25
IRL,europe,1993,32.25
IRL,europe,1994,32.25
IRL,europe,1995,32.25
IRL,europe,1996,32.25
IRL,europe,1997,32.25
IRL,europe,1998,32.25
IRL,europe,1999,32.25
IRL,europe,2000,32.25
IRL,europe,2001,32.25
IRL,europe,2002,32.25
IRL,europe,2003,32.25
IRL,europe,2004,33.6
IRL,europe,2005,33.8
IRL,europe,2006,32.7
IRL,europe,2007,32
IRL,europe,2008,30.9
IRL,europe,2009,32.7
IRL,europe,2010,32.3
IRL,europe,2011,32.3
IRL,europe,2012,32.5
IRL,europe,2013,33.4
IRL,europe,2014,31.9
IRL,europe,2015,31.9
IRN,middle_east,1990,43.6
IRN,middle_east,1991,43.3
IRN,middle_east,1992,43.3
IRN,middle_east,1993,43.3
IRN,middle_east,1994,43
IRN,middle_east,1995,43.55
IRN,middle_east,1996,43.55
IRN,middle_east,1997,43.55
IRN,middle_east,1998,44.1
IRN,middle_east,1999,43.85
IRN,middle_east,2000,43.85
IRN,middle_east,2001,43.85
IRN,middle_east,2002,43.85
IRN,middle_east,2003,43.85
IRN,middle_east,2004,43.85
IRN,middle_east,2005,43.6
IRN,middle_east,2006,44.8
IRN,middle_east,2007,43.4
IRN,middle_east,2008,43.4
IRN,middle_east,2009,42
IRN,middle_east,2010,39.7
IRN,middle_east,2011,39.7
IRN,middle_east,2012,39.7
IRN,middle_east,2013,37.4
IRN,middle_east,2014,38.8
IRN,middle_east,2015,38.8
ISL,europe,1990,28
ISL,europe,1991,28
ISL,europe,1992,28
ISL,europe,1993,28
ISL,europe,1994,28
ISL,europe,1995,28
ISL,europe,1996,28
ISL,europe,1997,28
ISL,europe,1998,28
ISL,europe,1999,28
ISL,europe,2000,28
ISL,europe,2001,28
ISL,europe,2002,28
ISL,europe,2003,28
ISL,europe,2004,28
ISL,europe,2005,29
ISL,europe,2006,30.3
ISL,europe,2007,29.5
ISL,europe,2008,31.8
ISL,europe,2009,28.7
ISL,europe,2010,26.2
ISL,europe,2011,26.8
ISL,europe,2012,26.8
ISL,europe,2013,25.4
ISL,europe,2014,25.6
ISL,europe,2015,25.6
ISR,middle_east,1990,35.5
ISR,middle_east,1991,35.5
ISR,middle_east,1992,35.5
ISR,middle_east,1993,36.8
ISR,middle_east,1994,36.8
ISR,middle_east,1995,36.8
ISR,middle_east,1996,36.8
ISR,middle_east,1997,38.1
ISR,middle_east,1998,38.5
ISR,middle_east,1999,38.5
ISR,middle_east,2000,38.5
ISR,middle_east,2001,38.9
ISR,middle_east,2002,40.3
ISR,middle_east,2003,40.3
ISR,middle_east,2004,40.3
ISR,middle_east,2005,41.7
ISR,middle_east,2006,41.35
ISR,middle_east,2007,41
ISR,middle_east,2008,41.75
ISR,middle_east,2009,41.75
ISR,middle_east,2010,42.5
ISR,middle_east,2011,41.75
ISR,middle_east,2012,41.4
ISR,middle_east,2013,41.4
ISR,middle_east,2014,41.4
ISR,middle_east,2015,41.4
ITA,europe,1990,34.3
ITA,europe,1991,34.3
ITA,europe,1992,34.3
ITA,europe,1993,34.3
ITA,europe,1994,34.3
ITA,europe,1995,34.3
ITA,europe,1996,34.3
ITA,europe,1997,34.3
ITA,europe,1998,34.3
ITA,europe,1999,34.3
ITA,europe,2000,34.3
ITA,europe,2001,34.3
ITA,europe,2002,34.3
ITA,europe,2003,34.3
ITA,europe,2004,34.3
ITA,europe,2005,33.8
ITA,europe,2006,34
ITA,europe,2007,32.9
ITA,europe,2008,33.6
ITA,europe,2009,33.5
ITA,europe,2010,34.3
ITA,europe,2011,34.5
ITA,europe,2012,34.9
ITA,europe,2013,34.9
ITA,europe,2014,34.7
ITA,europe,2015,34.7
JAM,america,1990,41.1
JAM,america,1991,38.4
JAM,america,1992,38.4
JAM,america,1993,35.7
JAM,america,1994,38.05
JAM,america,1995,38.05
JAM,america,1996,40.4
JAM,america,1997,42.25
JAM,america,1998,42.25
JAM,america,1999,44.1
JAM,america,2000,46.2
JAM,america,2001,46.2
JAM,america,2002,48.3
JAM,america,2003,46.9
JAM,america,2004,45.5
JAM,america,2005,45.5
JAM,america,2006,45.5
JAM,america,2007,45.5
JAM,america,2008,45.5
JAM,america,2009,45.5
JAM,america,2010,45.5
JAM,america,2011,45.5
JAM,america,2012,45.5
JAM,america,2013,45.5
JAM,america,2014,45.5
JAM,america,2015,45.5
JOR,europe,1990,43.4
JOR,europe,1991,43.4
JOR,europe,1992,43.4
JOR,europe,1993,40.1
JOR,europe,1994,40.1
JOR,europe,1995,40.1
JOR,europe,1996,40.1
JOR,europe,1997,36.4
JOR,europe,1998,36.7
JOR,europe,1999,36.7
JOR,europe,2000,36.7
JOR,europe,2001,36.7
JOR,europe,2002,37
JOR,europe,2003,35.25
JOR,europe,2004,35.25
JOR,europe,2005,35.25
JOR,europe,2006,33.9
JOR,europe,2007,33.25
JOR,europe,2008,32.6
JOR,europe,2009,33.15
JOR,europe,2010,33.7
JOR,europe,2011,33.7
JOR,europe,2012,33.7
JOR,europe,2013,33.7
JOR,europe,2014,33.7
JOR,europe,2015,33.7
KAZ,asia_pacific,1990,35.4
KAZ,asia_pacific,1991,35.4
KAZ,asia_pacific,1992,35.4
KAZ,asia_pacific,1993,35.4
KAZ,asia_pacific,1994,35.4
KAZ,asia_pacific,1995,35.4
KAZ,asia_pacific,1996,35.4
KAZ,asia_pacific,1997,35.4
KAZ,asia_pacific,1998,35.4
KAZ,asia_pacific,1999,35.4
KAZ,asia_pacific,2000,35.4
KAZ,asia_pacific,2001,35.4
KAZ,asia_pacific,2002,34
KAZ,asia_pacific,2003,33
KAZ,asia_pacific,2004,31.4
KAZ,asia_pacific,2005,29.6
KAZ,asia_pacific,2006,30
KAZ,asia_pacific,2007,28.5
KAZ,asia_pacific,2008,29.1
KAZ,asia_pacific,2009,28.8
KAZ,asia_pacific,2010,28.6
KAZ,asia_pacific,2011,27.4
KAZ,asia_pacific,2012,27.5
KAZ,asia_pacific,2013,26.3
KAZ,asia_pacific,2014,26.5
KAZ,asia_pacific,2015,26.5
KGZ,asia_pacific,1990,53.7
KGZ,asia_pacific,1991,53.7
KGZ,asia_pacific,1992,53.7
KGZ,asia_pacific,1993,53.7
KGZ,asia_pacific,1994,50.05
KGZ,asia_pacific,1995,50.05
KGZ,asia_pacific,1996,50.05
KGZ,asia_pacific,1997,50.05
KGZ,asia_pacific,1998,46.4
KGZ,asia_pacific,1999,38.7
KGZ,asia_pacific,2000,31
KGZ,asia_pacific,2001,30.2
KGZ,asia_pacific,2002,30.3
KGZ,asia_pacific,2003,28.7
KGZ,asia_pacific,2004,34.8
KGZ,asia_pacific,2005,32.6
KGZ,asia_pacific,2006,37.4
KGZ,asia_pacific,2007,33.9
KGZ,asia_pacific,2008,31.5
KGZ,asia_pacific,2009,29.9
KGZ,asia_pacific,2010,30.1
KGZ,asia_pacific,2011,27.8
KGZ,asia_pacific,2012,27.4
KGZ,asia_pacific,2013,28.8
KGZ,asia_pacific,2014,26.8
KGZ,asia_pacific,2015,29
LAO,asia_pacific,1990,34.3
LAO,asia_pacific,1991,34.3
LAO,asia_pacific,1992,34.3
LAO,asia_pacific,1993,34.6
LAO,asia_pacific,1994,34.6
LAO,asia_pacific,1995,34.6
LAO,asia_pacific,1996,34.6
LAO,asia_pacific,1997,34.9
LAO,asia_pacific,1998,33.75
LAO,asia_pacific,1999,33.75
LAO,asia_pacific,2000,33.75
LAO,asia_pacific,2001,33.75
LAO,asia_pacific,2002,32.6
LAO,asia_pacific,2003,34
LAO,asia_pacific,2004,34
LAO,asia_pacific,2005,34
LAO,asia_pacific,2006,34
LAO,asia_pacific,2007,35.4
LAO,asia_pacific,2008,35.9
LAO,asia_pacific,2009,35.9
LAO,asia_pacific,2010,35.9
LAO,asia_pacific,2011,35.9
LAO,asia_pacific,2012,36.4
LAO,asia_pacific,2013,36.4
LAO,asia_pacific,2014,36.4
LAO,asia_pacific,2015,36.4
LKA,asia_pacific,1990,32.5
LKA,asia_pacific,1991,33.95
LKA,asia_pacific,1992,33.95
LKA,asia_pacific,1993,33.95
LKA,asia_pacific,1994,33.95
LKA,asia_pacific,1995,35.4
LKA,asia_pacific,1996,38.2
LKA,asia_pacific,1997,38.2
LKA,asia_pacific,1998,38.2
LKA,asia_pacific,1999,38.2
LKA,asia_pacific,2000,38.2
LKA,asia_pacific,2001,38.2
LKA,asia_pacific,2002,41
LKA,asia_pacific,2003,40.65
LKA,asia_pacific,2004,40.65
LKA,asia_pacific,2005,40.65
LKA,asia_pacific,2006,40.3
LKA,asia_pacific,2007,38.35
LKA,asia_pacific,2008,38.35
LKA,asia_pacific,2009,36.4
LKA,asia_pacific,2010,37.8
LKA,asia_pacific,2011,37.8
LKA,asia_pacific,2012,39.2
LKA,asia_pacific,2013,39.2
LKA,asia_pacific,2014,39.2
LKA,asia_pacific,2015,39.2
LTU,europe,1990,33.6
LTU,europe,1991,33.6
LTU,europe,1992,33.6
LTU,europe,1993,33.6
LTU,europe,1994,35.3
LTU,europe,1995,35.3
LTU,europe,1996,35.3
LTU,europe,1997,35.3
LTU,europe,1998,35.3
LTU,europe,1999,35.3
LTU,europe,2000,35.3
LTU,europe,2001,35.3
LTU,europe,2002,35.3
LTU,europe,2003,35.3
LTU,europe,2004,37
LTU,europe,2005,35.3
LTU,europe,2006,34.4
LTU,europe,2007,34.6
LTU,europe,2008,35.7
LTU,europe,2009,37.2
LTU,europe,2010,33.6
LTU,europe,2011,32.5
LTU,europe,2012,35.1
LTU,europe,2013,35.3
LTU,europe,2014,37.7
LTU,europe,2015,30.2
LUX,europe,1990,30.2
LUX,europe,1991,30.2
LUX,europe,1992,30.2
LUX,europe,1993,30.2
LUX,europe,1994,30.2
LUX,europe,1995,30.2
LUX,europe,1996,30.2
LUX,europe,1997,30.2
LUX,europe,1998,30.2
LUX,europe,1999,30.2
LUX,europe,2000,30.2
LUX,europe,2001,30.2
LUX,europe,2002,30.2
LUX,europe,2003,30.2
LUX,europe,2004,30.2
LUX,europe,2005,30.8
LUX,europe,2006,31
LUX,europe,2007,31.1
LUX,europe,2008,32.6
LUX,europe,2009,31.2
LUX,europe,2010,30.5
LUX,europe,2011,32
LUX,europe,2012,34.3
LUX,europe,2013,32
LUX,europe,2014,31.2
LUX,europe,2015,31.2
LVA,europe,1990,27
LVA,europe,1991,27
LVA,europe,1992,27
LVA,europe,1993,27
LVA,europe,1994,29.5
LVA,europe,1995,31
LVA,europe,1996,31.6
LVA,europe,1997,34
LVA,europe,1998,34
LVA,europe,1999,34
LVA,europe,2000,34
LVA,europe,2001,34
LVA,europe,2002,34
LVA,europe,2003,34
LVA,europe,2004,36.4
LVA,europe,2005,39
LVA,europe,2006,35.5
LVA,europe,2007,37.5
LVA,europe,2008,37.2
LVA,europe,2009,36
LVA,europe,2010,35
LVA,europe,2011,35.8
LVA,europe,2012,35.2
LVA,europe,2013,35.5
LVA,europe,2014,35.1
LVA,europe,2015,35.1
MAR,middle_east,1990,39.2
MAR,middle_east,1991,39.35
MAR,middle_east,1992,39.35
MAR,middle_east,1993,39.35
MAR,middle_east,1994,39.35
MAR,middle_east,1995,39.35
MAR,middle_east,1996,39.35
MAR,middle_east,1997,39.35
MAR,middle_east,1998,39.5
MAR,middle_east,1999,40.05
MAR,middle_east,2000,40.6
MAR,middle_east,2001,40.65
MAR,middle_east,2002,40.65
MAR,middle_east,2003,40.65
MAR,middle_east,2004,40.65
MAR,middle_east,2005,40.65
MAR,middle_east,2006,40.7
MAR,middle_east,2007,40.7
MAR,middle_east,2008,40.7
MAR,middle_east,2009,40.7
MAR,middle_east,2010,40.7
MAR,middle_east,2011,40.7
MAR,middle_east,2012,40.7
MAR,middle_east,2013,40.7
MAR,middle_east,2014,40.7
MAR,middle_east,2015,40.7
MDA,europe,1990,36.9
MDA,europe,1991,36.9
MDA,europe,1992,36.9
MDA,europe,1993,36.9
MDA,europe,1994,36.9
MDA,europe,1995,36.9
MDA,europe,1996,36.9
MDA,europe,1997,36.9
MDA,europe,1998,39.5
MDA,europe,1999,42.6
MDA,europe,2000,36.4
MDA,europe,2001,38
MDA,europe,2002,35.8
MDA,europe,2003,34.9
MDA,europe,2004,35
MDA,europe,2005,36.3
MDA,europe,2006,35.4
MDA,europe,2007,34.4
MDA,europe,2008,34.7
MDA,europe,2009,32.9
MDA,europe,2010,32
MDA,europe,2011,30.6
MDA,europe,2012,29.2
MDA,europe,2013,28.5
MDA,europe,2014,26.8
MDA,europe,2015,27
MDG,sub_africa,1990,45.3
MDG,sub_africa,1991,45.3
MDG,sub_africa,1992,45.3
MDG,sub_africa,1993,45.3
MDG,sub_africa,1994,42.4
MDG,sub_africa,1995,42.4
MDG,sub_africa,1996,42.4
MDG,sub_africa,1997,39.5
MDG,sub_africa,1998,39.05
MDG,sub_africa,1999,38.6
MDG,sub_africa,2000,43
MDG,sub_africa,2001,47.4
MDG,sub_africa,2002,43.65
MDG,sub_africa,2003,43.65
MDG,sub_africa,2004,43.65
MDG,sub_africa,2005,39.9
MDG,sub_africa,2006,41.15
MDG,sub_africa,2007,41.15
MDG,sub_africa,2008,41.15
MDG,sub_africa,2009,41.15
MDG,sub_africa,2010,42.4
MDG,sub_africa,2011,42.55
MDG,sub_africa,2012,42.7
MDG,sub_africa,2013,42.7
MDG,sub_africa,2014,42.7
MDG,sub_africa,2015,42.7
MEX,america,1990,51
MEX,america,1991,51
MEX,america,1992,51
MEX,america,1993,51.35
MEX,america,1994,51.7
MEX,america,1995,50.1
MEX,america,1996,48.5
MEX,america,1997,48.75
MEX,america,1998,49
MEX,america,1999,50.35
MEX,america,2000,51.7
MEX,america,2001,50.6
MEX,america,2002,49.5
MEX,america,2003,47.75
MEX,america,2004,46
MEX,america,2005,47
MEX,america,2006,48
MEX,america,2007,48.1
MEX,america,2008,48.2
MEX,america,2009,48.15
MEX,america,2010,48.1
MEX,america,2011,48.1
MEX,america,2012,48.1
MEX,america,2013,48.15
MEX,america,2014,48.2
MEX,america,2015,48.2
MKD,europe,1990,42.8
MKD,europe,1991,42.8
MKD,europe,1992,42.8
MKD,europe,1993,42.8
MKD,europe,1994,42.8
MKD,europe,1995,42.8
MKD,europe,1996,42.8
MKD,europe,1997,42.8
MKD,europe,1998,42.8
MKD,europe,1999,42.8
MKD,europe,2000,42.8
MKD,europe,2001,42.8
MKD,europe,2002,42.8
MKD,europe,2003,42.8
MKD,europe,2004,42.8
MKD,europe,2005,42.8
MKD,europe,2006,42.8
MKD,europe,2007,42.8
MKD,europe,2008,42.8
MKD,europe,2009,42.8
MKD,europe,2010,42.8
MKD,europe,2011,40.2
MKD,europe,2012,40.1
MKD,europe,2013,38.5
MKD,europe,2014,36.9
MKD,europe,2015,35.6
MNE,europe,1990,30.2
MNE,europe,1991,30.2
MNE,europe,1992,30.2
MNE,europe,1993,30.2
MNE,europe,1994,30.2
MNE,europe,1995,30.2
MNE,europe,1996,30.2
MNE,europe,1997,30.2
MNE,europe,1998,30.2
MNE,europe,1999,30.2
MNE,europe,2000,30.2
MNE,europe,2001,30.2
MNE,europe,2002,30.2
MNE,europe,2003,30.2
MNE,europe,2004,30.2
MNE,europe,2005,30.2
MNE,europe,2006,30
MNE,europe,2007,31.5
MNE,europe,2008,30.5
MNE,europe,2009,31
MNE,europe,2010,28.9
MNE,europe,2011,30.8
MNE,europe,2012,32.2
MNE,europe,2013,32.3
MNE,europe,2014,31.9
MNE,europe,2015,31.9
MNG,asia_pacific,1990,33.2
MNG,asia_pacific,1991,33.2
MNG,asia_pacific,1992,33.2
MNG,asia_pacific,1993,33.2
MNG,asia_pacific,1994,33.2
MNG,asia_pacific,1995,33.2
MNG,asia_pacific,1996,31.75
MNG,asia_pacific,1997,31.75
MNG,asia_pacific,1998,30.3
MNG,asia_pacific,1999,31.6
MNG,asia_pacific,2000,31.6
MNG,asia_pacific,2001,31.6
MNG,asia_pacific,2002,32.9
MNG,asia_pacific,2003,34.25
MNG,asia_pacific,2004,34.25
MNG,asia_pacific,2005,34.25
MNG,asia_pacific,2006,34.25
MNG,asia_pacific,2007,35.8
MNG,asia_pacific,2008,34.45
MNG,asia_pacific,2009,34.45
MNG,asia_pacific,2010,33.1
MNG,asia_pacific,2011,33.9
MNG,asia_pacific,2012,33.8
MNG,asia_pacific,2013,32.9
MNG,asia_pacific,2014,32
MNG,asia_pacific,2015,32
MRT,sub_africa,1990,50
MRT,sub_africa,1991,50
MRT,sub_africa,1992,50
MRT,sub_africa,1993,50
MRT,sub_africa,1994,43.9
MRT,sub_africa,1995,37.8
MRT,sub_africa,1996,38.4
MRT,sub_africa,1997,38.4
MRT,sub_africa,1998,38.4
MRT,sub_africa,1999,38.4
MRT,sub_africa,2000,39
MRT,sub_africa,2001,39.6
MRT,sub_africa,2002,39.6
MRT,sub_africa,2003,39.6
MRT,sub_africa,2004,40.2
MRT,sub_africa,2005,37.95
MRT,sub_africa,2006,37.95
MRT,sub_africa,2007,37.95
MRT,sub_africa,2008,35.7
MRT,sub_africa,2009,34.05
MRT,sub_africa,2010,34.05
MRT,sub_africa,2011,34.05
MRT,sub_africa,2012,34.05
MRT,sub_africa,2013,34.05
MRT,sub_africa,2014,32.4
MRT,sub_africa,2015,32.4
MYS,asia_pacific,1990,47.7
MYS,asia_pacific,1991,47.7
MYS,asia_pacific,1992,47.7
MYS,asia_pacific,1993,48.1
MYS,asia_pacific,1994,48.1
MYS,asia_pacific,1995,48.5
MYS,asia_pacific,1996,48.85
MYS,asia_pacific,1997,49.2
MYS,asia_pacific,1998,47.6
MYS,asia_pacific,1999,47.6
MYS,asia_pacific,2000,47.6
MYS,asia_pacific,2001,47.6
MYS,asia_pacific,2002,47.6
MYS,asia_pacific,2003,47.6
MYS,asia_pacific,2004,46
MYS,asia_pacific,2005,46
MYS,asia_pacific,2006,46
MYS,asia_pacific,2007,46
MYS,asia_pacific,2008,46.15
MYS,asia_pacific,2009,46.3
MYS,asia_pacific,2010,46.3
MYS,asia_pacific,2011,46.3
MYS,asia_pacific,2012,46.3
MYS,asia_pacific,2013,46.3
MYS,asia_pacific,2014,46.3
MYS,asia_pacific,2015,46.3
NER,sub_africa,1990,36.1
NER,sub_africa,1991,36.1
NER,sub_africa,1992,36.1
NER,sub_africa,1993,38.8
NER,sub_africa,1994,41.5
NER,sub_africa,1995,42.95
NER,sub_africa,1996,42.95
NER,sub_africa,1997,42.95
NER,sub_africa,1998,42.95
NER,sub_africa,1999,42.95
NER,sub_africa,2000,42.95
NER,sub_africa,2001,42.95
NER,sub_africa,2002,42.95
NER,sub_africa,2003,42.95
NER,sub_africa,2004,42.95
NER,sub_africa,2005,44.4
NER,sub_africa,2006,40.85
NER,sub_africa,2007,37.3
NER,sub_africa,2008,34.4
NER,sub_africa,2009,34.4
NER,sub_africa,2010,34.4
NER,sub_africa,2011,31.5
NER,sub_africa,2012,32.75
NER,sub_africa,2013,32.75
NER,sub_africa,2014,34
NER,sub_africa,2015,34
NGA,sub_africa,1990,45
NGA,sub_africa,1991,45
NGA,sub_africa,1992,45
NGA,sub_africa,1993,48.45
NGA,sub_africa,1994,48.45
NGA,sub_africa,1995,48.45
NGA,sub_africa,1996,51.9
NGA,sub_africa,1997,46
NGA,sub_africa,1998,46
NGA,sub_africa,1999,46
NGA,sub_africa,2000,46
NGA,sub_africa,2001,46
NGA,sub_africa,2002,46
NGA,sub_africa,2003,40.1
NGA,sub_africa,2004,41.55
NGA,sub_africa,2005,41.55
NGA,sub_africa,2006,41.55
NGA,sub_africa,2007,41.55
NGA,sub_africa,2008,41.55
NGA,sub_africa,2009,43
NGA,sub_africa,2010,43
NGA,sub_africa,2011,43
NGA,sub_africa,2012,43
NGA,sub_africa,2013,43
NGA,sub_africa,2014,43
NGA,sub_africa,2015,43
NIC,america,1990,57.4
NIC,america,1991,57.4
NIC,america,1992,57.4
NIC,america,1993,57.4
NIC,america,1994,55.9
NIC,america,1995,55.9
NIC,america,1996,55.9
NIC,america,1997,55.9
NIC,america,1998,54.4
NIC,america,1999,53.75
NIC,america,2000,53.425
NIC,america,2001,53.1
NIC,america,2002,51.15
NIC,america,2003,51.15
NIC,america,2004,51.15
NIC,america,2005,49.2
NIC,america,2006,46.7
NIC,america,2007,46.7
NIC,america,2008,46.7
NIC,america,2009,44.2
NIC,america,2010,45.4
NIC,america,2011,45.4
NIC,america,2012,45.4
NIC,america,2013,45.4
NIC,america,2014,46.6
NIC,america,2015,46.6
NLD,europe,1990,29.8
NLD,europe,1991,29.8
NLD,europe,1992,29.8
NLD,europe,1993,29.8
NLD,europe,1994,29.8
NLD,europe,1995,29.8
NLD,europe,1996,29.8
NLD,europe,1997,29.8
NLD,europe,1998,29.8
NLD,europe,1999,29.8
NLD,europe,2000,29.8
NLD,europe,2001,29.8
NLD,europe,2002,29.8
NLD,europe,2003,29.8
NLD,europe,2004,29.8
NLD,europe,2005,29
NLD,europe,2006,30
NLD,europe,2007,29.6
NLD,europe,2008,29.3
NLD,europe,2009,27.9
NLD,europe,2010,27.9
NLD,europe,2011,27.8
NLD,europe,2012,27.6
NLD,europe,2013,28.1
NLD,europe,2014,28.6
NLD,europe,2015,28.6
NOR,europe,1990,31.6
NOR,europe,1991,31.6
NOR,europe,1992,31.6
NOR,europe,1993,31.6
NOR,europe,1994,31.6
NOR,europe,1995,31.6
NOR,europe,1996,31.6
NOR,europe,1997,31.6
NOR,europe,1998,31.6
NOR,europe,1999,31.6
NOR,europe,2000,31.6
NOR,europe,2001,31.6
NOR,europe,2002,31.6
NOR,europe,2003,31.6
NOR,europe,2004,31.6
NOR,europe,2005,30.6
NOR,europe,2006,26.5
NOR,europe,2007,27.1
NOR,europe,2008,27
NOR,europe,2009,26.2
NOR,europe,2010,25.7
NOR,europe,2011,25.3
NOR,europe,2012,25.7
NOR,europe,2013,26.4
NOR,europe,2014,26.8
NOR,europe,2015,26.8
PAK,asia_pacific,1990,33.3
PAK,asia_pacific,1991,31
PAK,asia_pacific,1992,31
PAK,asia_pacific,1993,31
PAK,asia_pacific,1994,31
PAK,asia_pacific,1995,31
PAK,asia_pacific,1996,28.7
PAK,asia_pacific,1997,30.9
PAK,asia_pacific,1998,33.1
PAK,asia_pacific,1999,31.75
PAK,asia_pacific,2000,31.75
PAK,asia_pacific,2001,30.4
PAK,asia_pacific,2002,31.45
PAK,asia_pacific,2003,31.45
PAK,asia_pacific,2004,32.5
PAK,asia_pacific,2005,32.7
PAK,asia_pacific,2006,32.25
PAK,asia_pacific,2007,31.8
PAK,asia_pacific,2008,30.8
PAK,asia_pacific,2009,30.8
PAK,asia_pacific,2010,29.8
PAK,asia_pacific,2011,30.9
PAK,asia_pacific,2012,30.8
PAK,asia_pacific,2013,30.7
PAK,asia_pacific,2014,30.7
PAK,asia_pacific,2015,30.7
PAN,america,1990,58.2
PAN,america,1991,58.2
PAN,america,1992,58
PAN,america,1993,58
PAN,america,1994,58
PAN,america,1995,57.8
PAN,america,1996,NA
PAN,america,1997,58.2
PAN,america,1998,57.5
PAN,america,1999,56.5
PAN,america,2000,57.7
PAN,america,2001,57.3
PAN,america,2002,56.6
PAN,america,2003,56.4
PAN,america,2004,55.1
PAN,america,2005,54
PAN,america,2006,55.1
PAN,america,2007,53
PAN,america,2008,52.6
PAN,america,2009,52
PAN,america,2010,51.9
PAN,america,2011,51.8
PAN,america,2012,51.9
PAN,america,2013,51.7
PAN,america,2014,50.7
PAN,america,2015,51
PER,america,1990,NA
PER,america,1991,NA
PER,america,1992,NA
PER,america,1993,NA
PER,america,1994,NA
PER,america,1995,NA
PER,america,1996,NA
PER,america,1997,53.7
PER,america,1998,56.1
PER,america,1999,56.3
PER,america,2000,50.8
PER,america,2001,51.8
PER,america,2002,54
PER,america,2003,53.7
PER,america,2004,51.2
PER,america,2005,51.8
PER,america,2006,51.7
PER,america,2007,51.3
PER,america,2008,48.5
PER,america,2009,48
PER,america,2010,46.2
PER,america,2011,45.5
PER,america,2012,45.1
PER,america,2013,44.7
PER,america,2014,44.1
PER,america,2015,44.3
PHL,asia_pacific,1990,43.8
PHL,asia_pacific,1991,43.8
PHL,asia_pacific,1992,43.35
PHL,asia_pacific,1993,43.35
PHL,asia_pacific,1994,42.9
PHL,asia_pacific,1995,44.45
PHL,asia_pacific,1996,44.45
PHL,asia_pacific,1997,46
PHL,asia_pacific,1998,44.4
PHL,asia_pacific,1999,44.4
PHL,asia_pacific,2000,42.8
PHL,asia_pacific,2001,42.15
PHL,asia_pacific,2002,42.15
PHL,asia_pacific,2003,41.5
PHL,asia_pacific,2004,42.2
PHL,asia_pacific,2005,42.2
PHL,asia_pacific,2006,42.9
PHL,asia_pacific,2007,42.35
PHL,asia_pacific,2008,42.35
PHL,asia_pacific,2009,41.8
PHL,asia_pacific,2010,42
PHL,asia_pacific,2011,42
PHL,asia_pacific,2012,42.2
PHL,asia_pacific,2013,41.15
PHL,asia_pacific,2014,41.15
PHL,asia_pacific,2015,40.1
POL,europe,1990,26.7
POL,europe,1991,26.7
POL,europe,1992,26.7
POL,europe,1993,26.7
POL,europe,1994,29.7
POL,europe,1995,29.7
POL,europe,1996,32.7
POL,europe,1997,32.5
POL,europe,1998,32.3
POL,europe,1999,32.6
POL,europe,2000,33
POL,europe,2001,32.8
POL,europe,2002,34
POL,europe,2003,34.9
POL,europe,2004,35.4
POL,europe,2005,34.5
POL,europe,2006,33.7
POL,europe,2007,33.5
POL,europe,2008,33.7
POL,europe,2009,33.6
POL,europe,2010,33.2
POL,europe,2011,32.8
POL,europe,2012,32.4
POL,europe,2013,32.5
POL,europe,2014,32.1
POL,europe,2015,38.9
PRT,europe,1990,38.9
PRT,europe,1991,38.9
PRT,europe,1992,38.9
PRT,europe,1993,38.9
PRT,europe,1994,38.9
PRT,europe,1995,38.9
PRT,europe,1996,38.9
PRT,europe,1997,38.9
PRT,europe,1998,38.9
PRT,europe,1999,38.9
PRT,europe,2000,38.9
PRT,europe,2001,38.9
PRT,europe,2002,38.9
PRT,europe,2003,38.9
PRT,europe,2004,38.9
PRT,europe,2005,38.5
PRT,europe,2006,38.1
PRT,europe,2007,36.8
PRT,europe,2008,36.6
PRT,europe,2009,34.9
PRT,europe,2010,35.8
PRT,europe,2011,36.3
PRT,europe,2012,36
PRT,europe,2013,36.2
PRT,europe,2014,35.6
PRT,europe,2015,35.6
PRY,america,1990,40.8
PRY,america,1991,49.5
PRY,america,1992,49.5
PRY,america,1993,49.5
PRY,america,1994,49.5
PRY,america,1995,58.2
PRY,america,1996,56.55
PRY,america,1997,54.9
PRY,america,1998,54.75
PRY,america,1999,54.6
PRY,america,2000,54.7
PRY,america,2001,54.8
PRY,america,2002,57.3
PRY,america,2003,55.5
PRY,america,2004,52.6
PRY,america,2005,51.4
PRY,america,2006,53.6
PRY,america,2007,52.1
PRY,america,2008,51
PRY,america,2009,49.7
PRY,america,2010,51.8
PRY,america,2011,52.6
PRY,america,2012,48.2
PRY,america,2013,48.3
PRY,america,2014,51.7
PRY,america,2015,48
PSE,middle_east,1990,34
PSE,middle_east,1991,34
PSE,middle_east,1992,34
PSE,middle_east,1993,34
PSE,middle_east,1994,34
PSE,middle_east,1995,34
PSE,middle_east,1996,34
PSE,middle_east,1997,34
PSE,middle_east,1998,34
PSE,middle_east,1999,34
PSE,middle_east,2000,34
PSE,middle_east,2001,34
PSE,middle_east,2002,34
PSE,middle_east,2003,34
PSE,middle_east,2004,34
PSE,middle_east,2005,34.7
PSE,middle_east,2006,34
PSE,middle_east,2007,35.6
PSE,middle_east,2008,35.05
PSE,middle_east,2009,34.5
PSE,middle_east,2010,36.1
PSE,middle_east,2011,34.4
PSE,middle_east,2012,34.4
PSE,middle_east,2013,34.4
PSE,middle_east,2014,34.4
PSE,middle_east,2015,34.4
ROU,europe,1990,31.1
ROU,europe,1991,31.1
ROU,europe,1992,31.1
ROU,europe,1993,31.1
ROU,europe,1994,31.1
ROU,europe,1995,31.1
ROU,europe,1996,31.1
ROU,europe,1997,31.1
ROU,europe,1998,31.1
ROU,europe,1999,29.4
ROU,europe,2000,29.3
ROU,europe,2001,29.4
ROU,europe,2002,30.2
ROU,europe,2003,29.9
ROU,europe,2004,30
ROU,europe,2005,29.8
ROU,europe,2006,30.5
ROU,europe,2007,30.2
ROU,europe,2008,29.6
ROU,europe,2009,28.2
ROU,europe,2010,28.2
ROU,europe,2011,27.2
ROU,europe,2012,27.3
ROU,europe,2013,27.5
ROU,europe,2014,48.4
ROU,europe,2015,48.4
RUS,europe,1990,48.4
RUS,europe,1991,48.4
RUS,europe,1992,48.4
RUS,europe,1993,48.4
RUS,europe,1994,47.25
RUS,europe,1995,47.25
RUS,europe,1996,46.1
RUS,europe,1997,38.4
RUS,europe,1998,38.1
RUS,europe,1999,37.4
RUS,europe,2000,37.1
RUS,europe,2001,39.6
RUS,europe,2002,37.3
RUS,europe,2003,40
RUS,europe,2004,40.3
RUS,europe,2005,41.3
RUS,europe,2006,41
RUS,europe,2007,42.3
RUS,europe,2008,41.6
RUS,europe,2009,39.8
RUS,europe,2010,39.5
RUS,europe,2011,39.8
RUS,europe,2012,40.7
RUS,europe,2013,40.9
RUS,europe,2014,39.9
RUS,europe,2015,37.7
RWA,sub_africa,1990,48.5
RWA,sub_africa,1991,48.5
RWA,sub_africa,1992,48.5
RWA,sub_africa,1993,48.5
RWA,sub_africa,1994,48.5
RWA,sub_africa,1995,48.5
RWA,sub_africa,1996,48.5
RWA,sub_africa,1997,48.5
RWA,sub_africa,1998,48.5
RWA,sub_africa,1999,48.5
RWA,sub_africa,2000,48.5
RWA,sub_africa,2001,50.25
RWA,sub_africa,2002,50.25
RWA,sub_africa,2003,50.25
RWA,sub_africa,2004,50.25
RWA,sub_africa,2005,52
RWA,sub_africa,2006,51.65
RWA,sub_africa,2007,51.65
RWA,sub_africa,2008,51.65
RWA,sub_africa,2009,51.65
RWA,sub_africa,2010,51.3
RWA,sub_africa,2011,50.85
RWA,sub_africa,2012,50.85
RWA,sub_africa,2013,50.4
RWA,sub_africa,2014,50.4
RWA,sub_africa,2015,50.4
SEN,sub_africa,1990,54.1
SEN,sub_africa,1991,54.1
SEN,sub_africa,1992,47.75
SEN,sub_africa,1993,47.75
SEN,sub_africa,1994,41.4
SEN,sub_africa,1995,41.3
SEN,sub_africa,1996,41.3
SEN,sub_africa,1997,41.3
SEN,sub_africa,1998,41.3
SEN,sub_africa,1999,41.3
SEN,sub_africa,2000,41.3
SEN,sub_africa,2001,41.2
SEN,sub_africa,2002,40.2
SEN,sub_africa,2003,40.2
SEN,sub_africa,2004,40.2
SEN,sub_africa,2005,39.2
SEN,sub_africa,2006,39.75
SEN,sub_africa,2007,39.75
SEN,sub_africa,2008,39.75
SEN,sub_africa,2009,39.75
SEN,sub_africa,2010,39.75
SEN,sub_africa,2011,40.3
SEN,sub_africa,2012,40.3
SEN,sub_africa,2013,40.3
SEN,sub_africa,2014,40.3
SEN,sub_africa,2015,40.3
SLV,america,1990,54
SLV,america,1991,54
SLV,america,1992,51.95
SLV,america,1993,51.95
SLV,america,1994,51.95
SLV,america,1995,49.9
SLV,america,1996,51.4
SLV,america,1997,52.95
SLV,america,1998,54.5
SLV,america,1999,52.2
SLV,america,2000,51.3
SLV,america,2001,51.1
SLV,america,2002,51.5
SLV,america,2003,50.7
SLV,america,2004,47.4
SLV,america,2005,47.9
SLV,america,2006,45.4
SLV,america,2007,45.2
SLV,america,2008,46.7
SLV,america,2009,45.9
SLV,america,2010,44.5
SLV,america,2011,42.4
SLV,america,2012,41.8
SLV,america,2013,43.5
SLV,america,2014,41.8
SLV,america,2015,40.8
SRB,europe,1990,32
SRB,europe,1991,32
SRB,europe,1992,32
SRB,europe,1993,32
SRB,europe,1994,32
SRB,europe,1995,32
SRB,europe,1996,32
SRB,europe,1997,32
SRB,europe,1998,32
SRB,europe,1999,32
SRB,europe,2000,32
SRB,europe,2001,32
SRB,europe,2002,32
SRB,europe,2003,32.8
SRB,europe,2004,33
SRB,europe,2005,33.4
SRB,europe,2006,29.7
SRB,europe,2007,29.4
SRB,europe,2008,28.2
SRB,europe,2009,28.7
SRB,europe,2010,29.6
SRB,europe,2011,29.35
SRB,europe,2012,29.35
SRB,europe,2013,29.1
SRB,europe,2014,29.1
SRB,europe,2015,29.1
SVK,europe,1990,19.5
SVK,europe,1991,19.5
SVK,europe,1992,19.5
SVK,europe,1993,22.65
SVK,europe,1994,22.65
SVK,europe,1995,22.65
SVK,europe,1996,25.8
SVK,europe,1997,26.45
SVK,europe,1998,26.45
SVK,europe,1999,26.45
SVK,europe,2000,26.45
SVK,europe,2001,26.45
SVK,europe,2002,26.45
SVK,europe,2003,26.45
SVK,europe,2004,27.1
SVK,europe,2005,29.3
SVK,europe,2006,25.8
SVK,europe,2007,24.7
SVK,europe,2008,26
SVK,europe,2009,27.2
SVK,europe,2010,27.3
SVK,europe,2011,26.5
SVK,europe,2012,26.1
SVK,europe,2013,28.1
SVK,europe,2014,26.1
SVK,europe,2015,26.1
SVN,europe,1990,29.2
SVN,europe,1991,29.2
SVN,europe,1992,29.2
SVN,europe,1993,29.2
SVN,europe,1994,27
SVN,europe,1995,27
SVN,europe,1996,27
SVN,europe,1997,27
SVN,europe,1998,27
SVN,europe,1999,27
SVN,europe,2000,27
SVN,europe,2001,27
SVN,europe,2002,27
SVN,europe,2003,27
SVN,europe,2004,24.8
SVN,europe,2005,24.6
SVN,europe,2006,24.4
SVN,europe,2007,24.4
SVN,europe,2008,23.7
SVN,europe,2009,24.8
SVN,europe,2010,24.9
SVN,europe,2011,24.9
SVN,europe,2012,25.6
SVN,europe,2013,26.2
SVN,europe,2014,25.7
SVN,europe,2015,25.7
SWE,europe,1990,26.1
SWE,europe,1991,26.1
SWE,europe,1992,26.1
SWE,europe,1993,26.1
SWE,europe,1994,26.1
SWE,europe,1995,26.1
SWE,europe,1996,26.1
SWE,europe,1997,26.1
SWE,europe,1998,26.1
SWE,europe,1999,26.1
SWE,europe,2000,26.1
SWE,europe,2001,26.1
SWE,europe,2002,26.1
SWE,europe,2003,26.1
SWE,europe,2004,26.1
SWE,europe,2005,26.8
SWE,europe,2006,26.4
SWE,europe,2007,26.4
SWE,europe,2008,26.8
SWE,europe,2009,26.3
SWE,europe,2010,26.5
SWE,europe,2011,26.9
SWE,europe,2012,27.1
SWE,europe,2013,27.7
SWE,europe,2014,27.2
SWE,europe,2015,27.2
THA,asia_pacific,1990,45.3
THA,asia_pacific,1991,46.6
THA,asia_pacific,1992,47.9
THA,asia_pacific,1993,45.7
THA,asia_pacific,1994,43.5
THA,asia_pacific,1995,45.7
THA,asia_pacific,1996,42.9
THA,asia_pacific,1997,42.2
THA,asia_pacific,1998,41.5
THA,asia_pacific,1999,43.1
THA,asia_pacific,2000,42.8
THA,asia_pacific,2001,42.35
THA,asia_pacific,2002,41.9
THA,asia_pacific,2003,42.2
THA,asia_pacific,2004,42.5
THA,asia_pacific,2005,42.15
THA,asia_pacific,2006,41.8
THA,asia_pacific,2007,39.8
THA,asia_pacific,2008,40.3
THA,asia_pacific,2009,39.8
THA,asia_pacific,2010,39.4
THA,asia_pacific,2011,37.5
THA,asia_pacific,2012,39.3
THA,asia_pacific,2013,37.8
THA,asia_pacific,2014,37.8
THA,asia_pacific,2015,37.8
TJK,asia_pacific,1990,29.5
TJK,asia_pacific,1991,29.5
TJK,asia_pacific,1992,29.5
TJK,asia_pacific,1993,29.5
TJK,asia_pacific,1994,29.5
TJK,asia_pacific,1995,29.5
TJK,asia_pacific,1996,29.5
TJK,asia_pacific,1997,29.5
TJK,asia_pacific,1998,29.5
TJK,asia_pacific,1999,29.5
TJK,asia_pacific,2000,31.1
TJK,asia_pacific,2001,31.1
TJK,asia_pacific,2002,31.1
TJK,asia_pacific,2003,32.7
TJK,asia_pacific,2004,33.6
TJK,asia_pacific,2005,32.9
TJK,asia_pacific,2006,32.9
TJK,asia_pacific,2007,32.2
TJK,asia_pacific,2008,31.15
TJK,asia_pacific,2009,30.8
TJK,asia_pacific,2010,30.65
TJK,asia_pacific,2011,30.65
TJK,asia_pacific,2012,30.5
TJK,asia_pacific,2013,30.4
TJK,asia_pacific,2014,30.8
TJK,asia_pacific,2015,34
TUN,middle_east,1990,40.2
TUN,middle_east,1991,40.95
TUN,middle_east,1992,40.95
TUN,middle_east,1993,40.95
TUN,middle_east,1994,40.95
TUN,middle_east,1995,41.7
TUN,middle_east,1996,41.25
TUN,middle_east,1997,41.25
TUN,middle_east,1998,41.25
TUN,middle_east,1999,41.25
TUN,middle_east,2000,40.8
TUN,middle_east,2001,39.25
TUN,middle_east,2002,39.25
TUN,middle_east,2003,39.25
TUN,middle_east,2004,39.25
TUN,middle_east,2005,37.7
TUN,middle_east,2006,36.75
TUN,middle_east,2007,36.75
TUN,middle_east,2008,36.75
TUN,middle_east,2009,36.75
TUN,middle_east,2010,35.8
TUN,middle_east,2011,35.8
TUN,middle_east,2012,35.8
TUN,middle_east,2013,35.8
TUN,middle_east,2014,35.8
TUN,middle_east,2015,35.8
TUR,middle_east,1990,41.3
TUR,middle_east,1991,41.3
TUR,middle_east,1992,41.3
TUR,middle_east,1993,41.3
TUR,middle_east,1994,41.3
TUR,middle_east,1995,41.35
TUR,middle_east,1996,41.35
TUR,middle_east,1997,41.35
TUR,middle_east,1998,41.35
TUR,middle_east,1999,41.35
TUR,middle_east,2000,41.35
TUR,middle_east,2001,41.35
TUR,middle_east,2002,41.4
TUR,middle_east,2003,42.2
TUR,middle_east,2004,41.3
TUR,middle_east,2005,42.6
TUR,middle_east,2006,39.7
TUR,middle_east,2007,38.4
TUR,middle_east,2008,39
TUR,middle_east,2009,39
TUR,middle_east,2010,38.8
TUR,middle_east,2011,40
TUR,middle_east,2012,40.2
TUR,middle_east,2013,40.2
TUR,middle_east,2014,41.2
TUR,middle_east,2015,41.3
UGA,sub_africa,1990,41.3
UGA,sub_africa,1991,41.3
UGA,sub_africa,1992,41.4
UGA,sub_africa,1993,40.2
UGA,sub_africa,1994,40.2
UGA,sub_africa,1995,40.2
UGA,sub_africa,1996,39
UGA,sub_africa,1997,41
UGA,sub_africa,1998,41
UGA,sub_africa,1999,43
UGA,sub_africa,2000,44.1
UGA,sub_africa,2001,44.1
UGA,sub_africa,2002,45.2
UGA,sub_africa,2003,44.05
UGA,sub_africa,2004,44.05
UGA,sub_africa,2005,42.9
UGA,sub_africa,2006,43.55
UGA,sub_africa,2007,43.55
UGA,sub_africa,2008,43.55
UGA,sub_africa,2009,44.2
UGA,sub_africa,2010,42.6
UGA,sub_africa,2011,42.6
UGA,sub_africa,2012,41
UGA,sub_africa,2013,40.15
UGA,sub_africa,2014,40.15
UGA,sub_africa,2015,40.15
UKR,europe,1990,40.15
UKR,europe,1991,40.15
UKR,europe,1992,40.15
UKR,europe,1993,40.15
UKR,europe,1994,40.15
UKR,europe,1995,39.3
UKR,europe,1996,35.2
UKR,europe,1997,32.1
UKR,europe,1998,32.1
UKR,europe,1999,32.1
UKR,europe,2000,32.1
UKR,europe,2001,32.1
UKR,europe,2002,29
UKR,europe,2003,28.7
UKR,europe,2004,28.9
UKR,europe,2005,29
UKR,europe,2006,29.8
UKR,europe,2007,27
UKR,europe,2008,26.6
UKR,europe,2009,25.3
UKR,europe,2010,24.8
UKR,europe,2011,24.5
UKR,europe,2012,24.7
UKR,europe,2013,24.5
UKR,europe,2014,24.1
UKR,europe,2015,25.5
URY,america,1990,47.2
URY,america,1991,47.2
URY,america,1992,47.2
URY,america,1993,47.2
URY,america,1994,47.2
URY,america,1995,47.2
URY,america,1996,47.2
URY,america,1997,47.2
URY,america,1998,47.2
URY,america,1999,47.2
URY,america,2000,47.2
URY,america,2001,47.2
URY,america,2002,47.2
URY,america,2003,47.2
URY,america,2004,47.2
URY,america,2005,47.2
URY,america,2006,47.2
URY,america,2007,47.6
URY,america,2008,46.3
URY,america,2009,46.3
URY,america,2010,45.3
URY,america,2011,43.4
URY,america,2012,41.3
URY,america,2013,41.9
URY,america,2014,41.6
URY,america,2015,41.7
USA,america,1990,38.2
USA,america,1991,38.2
USA,america,1992,39.2
USA,america,1993,39.2
USA,america,1994,40.2
USA,america,1995,40.5
USA,america,1996,40.5
USA,america,1997,40.8
USA,america,1998,40.6
USA,america,1999,40.6
USA,america,2000,40.4
USA,america,2001,40.45
USA,america,2002,40.45
USA,america,2003,40.45
USA,america,2004,40.5
USA,america,2005,40.8
USA,america,2006,40.8
USA,america,2007,41.1
USA,america,2008,40.75
USA,america,2009,40.75
USA,america,2010,40.4
USA,america,2011,40.7
USA,america,2012,40.7
USA,america,2013,41
USA,america,2014,41.75
USA,america,2015,41.75
VEN,america,1990,41.75
VEN,america,1991,41.75
VEN,america,1992,42.5
VEN,america,1993,45.15
VEN,america,1994,45.15
VEN,america,1995,47.8
VEN,america,1996,48.8
VEN,america,1997,48.8
VEN,america,1998,49.8
VEN,america,1999,48.3
VEN,america,2000,28.25
VEN,america,2001,48.2
VEN,america,2002,50.6
VEN,america,2003,50.4
VEN,america,2004,49.8
VEN,america,2005,52.4
VEN,america,2006,46.9
VEN,america,2007,46.9
VEN,america,2008,46.9
VEN,america,2009,46.9
VEN,america,2010,46.9
VEN,america,2011,46.9
VEN,america,2012,46.9
VEN,america,2013,46.9
VEN,america,2014,46.9
VEN,america,2015,46.9
VNM,asia_pacific,1990,35.7
VNM,asia_pacific,1991,35.7
VNM,asia_pacific,1992,35.7
VNM,asia_pacific,1993,35.55
VNM,asia_pacific,1994,35.55
VNM,asia_pacific,1995,35.55
VNM,asia_pacific,1996,35.55
VNM,asia_pacific,1997,35.55
VNM,asia_pacific,1998,35.4
VNM,asia_pacific,1999,36.2
VNM,asia_pacific,2000,36.2
VNM,asia_pacific,2001,36.2
VNM,asia_pacific,2002,37
VNM,asia_pacific,2003,36.9
VNM,asia_pacific,2004,36.8
VNM,asia_pacific,2005,36.3
VNM,asia_pacific,2006,35.8
VNM,asia_pacific,2007,35.7
VNM,asia_pacific,2008,35.6
VNM,asia_pacific,2009,37.45
VNM,asia_pacific,2010,39.3
VNM,asia_pacific,2011,37.5
VNM,asia_pacific,2012,35.7
VNM,asia_pacific,2013,35.25
VNM,asia_pacific,2014,34.8
VNM,asia_pacific,2015,34.8
ZAF,sub_africa,1990,59.3
ZAF,sub_africa,1991,59.3
ZAF,sub_africa,1992,59.3
ZAF,sub_africa,1993,59.3
ZAF,sub_africa,1994,60
ZAF,sub_africa,1995,60
ZAF,sub_africa,1996,60.7
ZAF,sub_africa,1997,59.25
ZAF,sub_africa,1998,59.25
ZAF,sub_africa,1999,59.25
ZAF,sub_africa,2000,57.8
ZAF,sub_africa,2001,61.3
ZAF,sub_africa,2002,61.3
ZAF,sub_africa,2003,61.3
ZAF,sub_africa,2004,61.3
ZAF,sub_africa,2005,61.3
ZAF,sub_africa,2006,64.8
ZAF,sub_africa,2007,63.9
ZAF,sub_africa,2008,63
ZAF,sub_africa,2009,63.2
ZAF,sub_africa,2010,63.2
ZAF,sub_africa,2011,63.4
ZAF,sub_africa,2012,63.4
ZAF,sub_africa,2013,63.4
ZAF,sub_africa,2014,63.4
ZAF,sub_africa,2015,63.4
ZMB,sub_africa,1990,60.5
ZMB,sub_africa,1991,60.5
ZMB,sub_africa,1992,56.55
ZMB,sub_africa,1993,52.6
ZMB,sub_africa,1994,50.45
ZMB,sub_africa,1995,50.45
ZMB,sub_africa,1996,48.3
ZMB,sub_africa,1997,48.7
ZMB,sub_africa,1998,49.1
ZMB,sub_africa,1999,45.6
ZMB,sub_africa,2000,45.6
ZMB,sub_africa,2001,45.6
ZMB,sub_africa,2002,42.1
ZMB,sub_africa,2003,48.2
ZMB,sub_africa,2004,54.3
ZMB,sub_africa,2005,54.45
ZMB,sub_africa,2006,54.6
ZMB,sub_africa,2007,55.1
ZMB,sub_africa,2008,55.1
ZMB,sub_africa,2009,55.1
ZMB,sub_africa,2010,55.6
ZMB,sub_africa,2011,57.1
ZMB,sub_africa,2012,57.1
ZMB,sub_africa,2013,57.1
ZMB,sub_africa,2014,57.1
ZMB,sub_africa,2015,57.1